# Version: 1.11,,,,,,,,,,
TourType,GalleryID,CardID,LegacyStopKey,CardTitle,Section1Title,Section1Bullets,Section2Title,Section2Bullets,Section3Title,Section3Bullets
Stem Tour,ORIENTATION,GUITARS,Orientation,Guitars,Concept,THE PLUCKED string instruments make sound when stretched strings vibrate,Key talking points,"A guitar is a plucked lute;Players change pitch by shortening the vibrating length of the string;String tension, length, diameter, and density all affect frequency;Resonator bodies help project the sound;Different cultures create sound using the same basic physics in different ways",Questions / engagement,How do you play a guitar?;How do musicians create different notes on a guitar?;What makes one string sound higher or lower than another?
Stem Tour,ORIENTATION,ORIENTATION,Orientation,Orientation,Concept,"Instruments can express identity and their materials, size, and shape affect how they sound",Key talking points,The alphorn represents Swiss identity and the hardingfele reflects Norwegian cultural identity;Humans have been making instruments for tens of thousands of years;Instruments can be built from natural or synthesized materials;Design choices help create specific sounds;Some instrument designs are visually striking as well as acoustically useful,Questions / engagement,"Which instruments suggest a nation, local area, or personal identity?;How long have humans been making instruments?;Which instruments here have especially interesting designs?"
Stem Tour,RES_CART,REASONATOR_CART,Reasonator Cart,Reasonator Cart,Concept,A resonator helps us hear sound more clearly by transferring vibrations to a larger object,Key talking points,Students compare how a music box sounds with different surrounding materials;A hard container can make the music box sound louder;The activity sets up the later resonator discussion;The goal is to notice how materials around a sound source affect loudness,Questions / engagement,What role does a resonator play in helping us hear sound from an instrument?;Which material makes the music box louder?;Does it matter where the box or foam is placed?
Stem Tour,AFRICA,MALI_OR_BURKINA_FASO,Africa,Mali or Burkina Faso,Concept,Resonators make instruments sound louder and strongly shape timbre,Key talking points,"Resonance happens when vibrating energy is efficiently transferred to another object or air column;Resonators can be boxes, gourds, tubes, membranes, or other structures;Resonators change both loudness and tone color;If too much energy is transferred the sound can distort;Some African instruments intentionally include objects that create a desirable buzzing or distorted quality",Questions / engagement,How do resonators work?;Why do resonators make instruments louder?;Why might musicians want a distorted sound?
Stem Tour,ELEC_CART,ELECTRICITY_AND_CIRCUITS_CART,Electric Cart,Electricity and Circuits Cart,Concept,A stylophone works because it is both a musical instrument and an electrical circuit,Key talking points,Students predict how the stylophone works before it is demonstrated;The activity connects the stylophone to basic circuit ideas;The energy stick activity shows that a complete circuit can produce light and sound;Conductive materials and human bodies can help complete a circuit;This activity prepares students for the electricity and magnetism gallery content,Questions / engagement,How does a stylophone work?;What connects the stylus to the stylophone?;What materials conduct electricity?
Stem Tour,US_CAN,AMPLIFIED_GUITARS,United States / Canada,Amplified Guitars,Concept,Electric guitar pickups and related devices convert motion in a magnetic field into electrical signals,Key talking points,Acoustic guitars depend on mechanical energy and a resonator;Electric guitars typically rely on amplification rather than a hollow body;A vibrating steel string disturbs the magnetic field around a pickup;That disturbance generates electricity in the coil of wire;The same core principle is used in microphones and many other technologies,Questions / engagement,How are acoustic and electric guitars different?;What role do magnets play in pickups?;Can you find the exhibit's oldest electric guitar?
Stem Tour,US_CAN,ELECTRONIC_MUSIC,United States / Canada,Electronic Music,Concept,Electronic instruments generate sound electronically and can be shaped in ways acoustic instruments cannot,Key talking points,Synthesizers use oscillators to create electrical vibrations;Waveforms can be filtered and processed before reaching the speaker;The theremin changes sound through the player's position near the antennas;Electronic instruments changed music across many genres;Digital synthesizers followed earlier analog designs,Questions / engagement,How does a synthesizer work?;How does a theremin work?;How is a theremin played?
Stem Tour,US_CAN,ROCK_ROLL,United States / Canada,Rock & Roll,Concept,Effects pedals change an instrument's sound by altering its electrical signal,Key talking points,"Pedals perform signal processing on the electric waveform;Musicians can shape timbre by filtering, amplifying, or modifying certain frequencies;Distortion happens when a circuit is pushed beyond what it can reproduce cleanly;Clipped waveforms create a fuzzy, gritty, or growling sound;New technology helped expand rock and roll and other modern styles",Questions / engagement,How do pedals change the sound of an instrument?;What does it mean to distort something?;How do advancements in technology influence music?
Stem Tour,STEM_ROOM,HOW_SCIENCE_BRINGS_MUSIC_TO_LIFE,Stem,How Science Brings Music to Life,Concept,All musical sound begins with vibrations that travel as waves,Key talking points,Every instrument creates vibrations even though instruments look very different;Vibrations push air molecules into repeating patterns that form sound waves;Amplitude relates to loudness;Frequency relates to pitch;Wave behavior helps explain how instruments create many different sounds,Questions / engagement,What do all instruments have in common?;How are vibrations related to waves?;What is the difference between amplitude and frequency?
Stem Tour,STEM_ROOM,HITING_THE_RIGHT_NOTES,Stem,Hiting the Right Notes,Concept,Instrument design determines both pitch possibilities and timbre,Key talking points,"Some instruments have many fixed pitches while others change pitch by shortening strings or air columns;Tube length affects pitch in wind instruments;Timbre is the quality that makes two sounds different even at the same pitch;Most real sounds contain multiple frequencies at once;Materials, shape, and construction influence which frequencies stand out",Questions / engagement,How do instruments create different pitches?;What is timbre?;Why can two instruments sound different on the same note?
Stem Tour,STEM_ROOM,TECHNOLOGY_INNOVATION,Stem,Technology & Innovation,Concept,Innovation and technology continually reshape musical instruments and musical styles,Key talking points,"Instruments can change because musicians want them louder, smaller, stronger, or more flexible;Electronic instruments became especially important in the twentieth century;Modern genres such as EDM rely on advanced technology;DJs and electronic musicians use synthesizers, mixers, and drum machines;What seems standard today was once a new invention",Questions / engagement,How does technology shape music?;What modern instruments depend on new technology?;What might instruments look like in 100 years?
Stem Tour,STEM_ROOM,COGNITION_HEARING,Stem,Cognition & Hearing,Concept,Hearing happens when sound waves are transformed by the ear and interpreted by the brain,Key talking points,Sound waves enter the ear and vibrate the eardrum;Middle ear bones pass those vibrations inward;The cochlea converts vibration into nerve signals;The brain interprets those signals as sound;Loud sounds can damage hearing over time,Questions / engagement,How do we hear?;What parts of the ear are involved in turning vibrations into sound?;How can loud sound affect hearing?
Stem Tour,EUROPE,ADOLPHE_SAX_OR_VIOLINS,Europe,Adolphe Sax or Violins,Concept,"Instrument invention combines creativity, craft, and the spread of successful ideas",Key talking points,Inventors and makers develop new instruments to solve problems or create new sounds;Adolphe Sax is a clear example with the saxophone;Successful inventions often depend on refinement by later makers and performers;European instrument history includes both famous inventors and master builders;New instruments can change ensembles and musical styles,Questions / engagement,What makes an invention successful?;How do new instruments spread?;What famous instrument inventors do you know?
Stem Tour,EUROPE,MECHANICAL_INSTRUMENTS,Europe,Mechanical Instruments,Concept,Mechanical instruments are early examples of automated music making,Key talking points,"Music boxes, barrel organs, and similar instruments store musical instructions physically;Pins, holes, cylinders, or other mechanisms trigger notes automatically;These instruments show that music can be programmed long before computers;Mechanical systems translate stored patterns into motion and sound;They help connect music technology to ideas about automation and coding",Questions / engagement,How do mechanical instruments work?;What is being programmed into a mechanical instrument?;How are these instruments like computers?
Stem Tour,EUROPE,NETHERLANDS_OR_BOWED_STRINGS,Europe,Netherlands or Bowed Strings,Concept,This page compares two different ways European instruments create sound: vibrating air in wind instruments and vibrating strings in bowed instruments,Key talking points,"Flutes start sound when air is split at an edge;Brass instruments start sound when buzzing lips vibrate the air column;Changing tube length changes pitch in wind instruments;Bowed strings create sustained vibration through friction between bow and string;String length, thickness, tension, and resonator design all affect pitch and tone",Questions / engagement,How do flutes and brass instruments differ in how they start vibration?;How do bowed strings differ from plucked strings?;What changes pitch in wind and string instruments?
Sounds All Around Tour,US_CAN,POWWOW_DRUM,Big Drum Powwow,Big Drum Powwow & Intertribal Gathering,Concept,Powwows are intertribal gatherings celebrating music dance and community;Dancers wear regalia with important cultural meaning;Movement often happens in a circle called a round dance,Key talking points,The large drum represents both the instrument and the group playing it;Regalia may include bells and rattles that create rhythm with the drum;Animal materials such as elk skin and buffalo hide are often used,Questions / engagement,What do you see happening in the painting;What is the painting made on;What parts of the regalia might move and make sound
Sounds All Around Tour,US_CAN,NW_COAST,Northwest Coast,Northwest Coast and Plateau,Concept,Totem poles represent family crests and stories;Music dance and carving traditions are deeply connected;Many instruments are made from natural materials,Key talking points,Rattles are percussion instruments shaken to make sound;Different materials change how rattles sound;Ravens symbolize power and connection to the spirit world,Questions / engagement,What animals do you see on the totem pole;What animal might represent your family;How might different rattle materials change the sound
Sounds All Around Tour,US_CAN,HANDBELLS,Handbells,Handbells,Concept,Handbells have existed since ancient times and became popular in Europe in the 1600s;Handbells later spread to the United States;Groups of players form a handbell choir,Key talking points,Bells can be rung struck or plucked;Most bells are made of brass while larger ones may use aluminum;Each player usually controls only a few notes requiring teamwork,Questions / engagement,How do you move a handbell to make sound;What material do you think bells are made from;Why might musicians need to work together in a bell choir
Sounds All Around Tour,US_CAN,BLUES,Blues,Blues,Concept,Blues music developed from African American spirituals work songs and storytelling traditions;Blues music often expresses emotion and personal experience;Blues influenced many later genres including rock and jazz,Key talking points,Musicians bend or slide notes to create expressive sounds;Instruments like the diddley bow and slide guitar show creative design;Many early instruments used household or natural materials,Questions / engagement,Can music sound happy or sad;How might a musician make an instrument sound like it is crying;What objects could you use to make a musical instrument
Sounds All Around Tour,EUROPE,ITALY_BANDS,Italy Civic Bands,Italy Folk & Civic Bands,Concept,Many Italian villages had civic bands that played opera music outdoors;Italy has many traditional instruments and regional music styles;Music and dance were important parts of local celebrations,Key talking points,Instruments include tamburello bagpipe guitar and accordion;Materials include wood metal and animal skin;The tarantella is a fast traditional dance from southern Italy,Questions / engagement,Have you seen any of these instruments before;Can you find instruments made of metal wood or animal skin;Can you try a step from the tarantella dance
Sounds All Around Tour,EUROPE,BAGPIPES,Bagpipes,Bagpipes,Concept,Bagpipes are found across many European cultures;Most bagpipes include a chanter drones and an air bag;They are often used for dance marching and celebration music,Key talking points,Bagpipes may use materials such as wood leather cloth or metal;Scottish pipes are well known but many countries have their own styles;Some designs have changed little for centuries,Questions / engagement,Can we all march like a band;Which bagpipe is your favorite and why;What materials can you find on these instruments
Sounds All Around Tour,EUROPE,BALTIC_FOLK,Baltic Folk,"Lithuania, Estonia, and Latvia",Concept,Lithuania Estonia and Latvia share many folk music traditions;Folk music helped preserve culture and identity;Traditional instruments were often made from local materials,Key talking points,Some instruments include bagpipes horns and zithers;Materials can include wood horn leather and pig bladder;Music was used for dances celebrations and community gatherings,Questions / engagement,Can you find the bagpipes in this exhibit;How are these bagpipes different from others we saw;What instruments do the countries share
Sounds All Around Tour,EUROPE,OPERA_BALLET,Opera Ballet,Opera and Ballet,Concept,Opera and ballet use music costumes and movement to tell stories;Different instruments can represent characters or moods;Stage design and costumes add visual storytelling,Key talking points,Papageno from The Magic Flute uses a pan flute to call birds;The celesta creates the magical sound in the Sugar Plum Fairy dance;Ballet dancers train to dance on pointe shoes,Questions / engagement,What animal does this costume remind you of;Can you stand on your toes like a ballet dancer;What does the celesta sound like to you
Sounds All Around Tour,EUROPE,BULGARIA,Bulgaria,Bulgaria,Concept,Bulgarian folk traditions combine music dance and costume;Group dances called horo are common;Music expresses national pride and community identity,Key talking points,Bulgarian singers often perform polyphonic music;Traditional costumes may include large bells;Kukeri dancers wear masks and bells to chase away evil spirits,Questions / engagement,Can you learn one of the dance steps;What clothes show pride in where you come from;What sound do you think the bells make
Musical Menagerie Tour,ASIA_BLUE,JAPAN_RITUAL_THEATER,Japan,Japan: Ritual and Theater,Concept,"Music is central to Japanese rituals, festivals, and theater;Animals and symbols on instruments often carry meaning;Music helps tell stories in n_, bunraku, and kabuki theater",Key talking points,Fish on mokugyo slit drums symbolize wakefulness and the pearl represents wisdom;Rooster and dragon images symbolize courage and good fortune;Shell trumpets were used in rituals and once by samurai for signaling;The shakuhachi became associated with meditation and Buddhist monks,Questions / engagement,Can you find both large and small versions of animals;What story do you think the theater performers are telling;What do you notice about the basket on the mannequin;Let‚Äôs take one slow meditative breath together
Musical Menagerie Tour,ASIA_BLUE,KOREA_COURT_MUSIC,South Korea,Korea: Court Music,Concept,"Korean court music was designed to express harmony, balance, and dignity;Animal symbols and special materials are important in court instruments;Court dance often uses slow controlled movement",Key talking points,Dragons on the bells symbolize the emperor and long life;Peacocks suggest beauty dignity and royal power while lions protect against evil;Court music values emotional restraint and meditation;Listeners appreciated the ringing after-tone of instruments like bells and stone chimes,Questions / engagement,What animals do you see near the large bells;Which animals seem like protectors;What do you notice about the dancer‚Äôs slow movements;How might different materials change an instrument‚Äôs sound
Musical Menagerie Tour,ASIA_BLUE,TIBET,Tibet,Tibet (Alternate),Concept,Tibetan music includes both gentle folk music and powerful ritual music;Different sounds are used for different spiritual purposes;Animals and animal forms appear in instruments and ritual dance,Key talking points,The sgra-snyan may be called pleasant sound and can have a dragon or horse head;Peaceful deities are welcomed with soaring tones while protective deities prefer thunderous horns and drums;Full-moon monastery music is offered for all sentient beings including animals;Cham ritual dances use animal-like protective spirits and can include children as performers,Questions / engagement,Which instruments look like they would make pleasant sounds;What sounds feel gentle peaceful loud or fierce;Can you make an air damaru by twisting your fingers;What animals represent protection to you
Musical Menagerie Tour,ASIA_YELLOW,INDIA_DEVOTIONAL,India,India: Devotional,Concept,In India music is often connected to devotion and the divine;Different religious communities share music as an important practice;Animals like the peacock can carry special meaning in more than one tradition,Key talking points,The peacock is India‚Äôs national bird and has special meaning in Sikh Muslim and Hindu traditions;The taus was crafted in the shape of a peacock;Indian devotional music is mainly vocal but uses many accompanying instruments;The harmonium came from Europe and became widely used in Indian sacred music,Questions / engagement,What animal means something special to you and why;How many arms does this figure have and what would you do with two extra arms;How does this music sound to you;What similarities and differences do you hear between the examples
Musical Menagerie Tour,ASIA_YELLOW,KYRGYZSTAN,Kyrgyzstan,Kyrgyzstan,Concept,Many Kyrgyz instruments and stories connect to animals and nomadic life;Traditional music often tells a story;Children learn some of these musical traditions from a young age,Key talking points,The kyl kyak can describe birds flying and horses galloping and uses horsehair strings;The tak teke puppet show uses a goat as a symbol of bravery in everyday life;The temir komuz jaw harp can sound like a cuckoo bird;The komuz uses complex fingering gestures and even body slaps for rhythm,Questions / engagement,What animals do you hear or see;Have you ever seen goats on a mountainside;What sounds do birds make;What story do you think the performers are telling
Musical Menagerie Tour,ASIA_YELLOW,MONGOLIA,Mongolia,Mongolia,Concept,Music in Mongolia reflects close relationships with horses livestock and the land;Animals appear in instrument design and ceremonial dance;Both nomadic and urban traditions are represented,Key talking points,The morin khuur and topshuur include horse carvings and connect to herding life;Music can communicate with livestock and support herding and hunting;The deer character Shava appears in Buddhist Tsam ceremonies to banish evil;Some instruments use animal materials such as a squirrel pelt to shape tone,Questions / engagement,What animal do you see on top of this instrument;When the horses start to gallop can you gallop with your fingers;What other animals do you notice carved on similar instruments;What animals would you choose to bring good times
Musical Menagerie Tour,ASIA_YELLOW,MORIN_KHUUR,Morin Khuur,Morin Khuur,Concept,The morin khuur is a horse-headed instrument deeply connected to Mongolian identity;Its sound and stories often represent horses and the landscape;Singing traditions also reflect life on the steppe,Key talking points,The morin khuur is topped with a carved horse head and uses horsehair strings;Players imitate horse sounds and galloping in music;Throat singing can produce two pitches at once to blend human sound with nature;Long songs celebrate nature heroes and social values across great distances,Questions / engagement,In what ways does this instrument represent a horse;What do you notice about the singing;Can you imagine sounds traveling across a big open grassland;What stories might this instrument tell
Musical Menagerie Tour,ASIA_YELLOW,BURMA,Burma,Burma (Alternate),Concept,Burmese music traditionally includes both loud outdoor ensembles and soft indoor music;Animal shapes and mythical creatures appear in instruments and stories;Music can accompany rituals dramas and puppet shows,Key talking points,The crocodile zither is linked to a story about a supernatural being introducing the instrument to people;Flashy hsaing-waing ensembles with drums and pipes represent outdoor music;The saung-gauk harp is a respected soft-voiced indoor instrument;Puppet shows could both celebrate and criticize important people,Questions / engagement,What animal do you see here;Can you find an instrument with a crocodile shape;Does the decorated drum set seem made for loud outdoor music or soft indoor music;Can you find a winged creature on one of the instruments
Musical Menagerie Tour,ASIA_RED,CAMBODIA,Cambodia,Cambodia,Concept,Cambodian music and dance have long expressed power storytelling and cultural identity;Traditional arts survived great loss and continue to flourish;Children often begin dance training very young,Key talking points,The Reamker tells the story of Hanuman the monkey general and the mermaid princess Sovann Maccha;The main ensemble appears in stone carvings over a thousand years old at Angkor Wat;Classical dancers may learn thousands of gestures;The chapey dang veng was used by poet-singers and the tror Khmer is a prestigious instrument,Questions / engagement,What animals do you see;Do you know any stories about mermaids;What music dance or instrument traditions matter to your community;Have any lasted a very long time
Musical Menagerie Tour,ASIA_RED,SINGAPORE,Singapore,Singapore,Concept,Singapore brings together musical traditions from many cultures;Lion dance combines music movement teamwork and symbolism;The country also supports orchestral Indian and Malay musical traditions,Key talking points,Lion dances are believed to scare away evil spirits and invite good things;Drums gongs and cymbals help wake up the lion;Performers use synchronized acrobatic and martial arts movements;Kompang drum groups add lively rhythm to joyful occasions like weddings,Questions / engagement,What animal do you think this is;Can you blink the lion‚Äôs eyes and look around like the lion;What do you notice about the different kinds of music;What sounds are similar or different
Musical Menagerie Tour,ASIA_RED,INDONESIA,Indonesia,Indonesia,Concept,Indonesia includes many islands and many musical traditions;Gamelan ensembles use percussion instruments to create layered music;Animals and natural materials are common in instruments and decoration,Key talking points,Gamelan music can feature interlocking rhythms and shimmering percussion;A gong can be treated as the center or soul of the ensemble;Some instruments are decorated with turtle or dragon imagery;Bronze bamboo and wood are all important instrument materials,Questions / engagement,Can you pretend to play gamelan with your fingers;What sounds do you notice in the music;Do you see any animals on the instruments;What materials do you think some of these instruments are made from
Musical Menagerie Tour,ASIA_RED,PAPUA_NEW_GUINEA,Papua New Guinea,Papua New Guinea - Oceania (Alternate),Concept,Papua New Guinea is home to many cultures with distinct musical traditions;Birds and other animals are featured in instruments and ceremonial art;Drums support singing dancing and community ceremonies,Key talking points,Bird motifs include a cassowary and a beaked bird linked to ancestors and the spirits of ancestors;Wooden slit drums are important and can be carved with animal and ancestral designs;Some drums create a local marsupial sound when rubbed during funerals;Birds and animals are frequently pictured on instruments in this region,Questions / engagement,What types of birds do you see most often on these instruments;Which instruments look like they are beaten as a drum;What animals can you find in the carvings;Why might communities decorate instruments with birds and other animals
Discovery Tour,AFRICA,DISC_AF_ANIMALS,africa_animals,Animals,Concept,African stories often feature animals;Instruments and masks may represent animal traits;Music and storytelling are closely connected,Key talking points,Elephant tusks appear in ceremonial trumpets;Animal symbolism is common in African proverbs and songs;Masquerades combine music dance and costume,Questions / engagement,What animals can you find in the exhibit;What animal might represent strength or wisdom;Why might instruments be shaped like animals
Discovery Tour,AFRICA,DISC_MALAWI,malawi_mozambique,Malawi and Mozambique,Concept,Music traditions vary widely across African regions;Instruments often accompany storytelling and ceremonies,Key talking points,The bangwe board zither accompanies stories;Musical bows are common instruments;Shakers and percussion often imitate natural sounds,Questions / engagement,What instruments look like bows and arrows;What sounds do shakers make;How would you define music
Discovery Tour,AFRICA,DISC_ROOTS,roots_routes,Roots and Routes,Concept,Many musical instruments traveled across cultures;Trade routes helped spread music and technology,Key talking points,Some Western instruments trace roots to Islamic Golden Age innovations;Military drums and marching bands spread globally;Trade connected Africa Europe and Asia,Questions / engagement,Which instrument would you take into battle and why;What does a military drum signal;Why is the exhibit called Roots and Routes
Discovery Tour,ASIA,DISC_SILKROAD,silk_road,Silk Road,Concept,The Silk Road connected cultures across Asia and Europe;Musical instruments traveled with merchants and travelers,Key talking points,Spike lutes and double reed instruments spread along trade routes;The pipa evolved from Middle Eastern instruments;Trade also spread musical styles,Questions / engagement,Which instruments look similar;What would you pack for a long journey;How old do you think these instruments are
Discovery Tour,ASIA,DISC_GAMELAN,gamelan,Indonesia Gamelan,Concept,Gamelan ensembles combine many percussion instruments;Music often accompanies shadow puppet theater,Key talking points,Each gamelan set has a unique tuning;The dalang puppet master tells stories with music;Drums guide the ensemble rhythm,Questions / engagement,Have you seen puppet theater before;Can you describe the music you hear;What kinds of stories might puppets tell
Discovery Tour,ASIA,DISC_VIETNAM,vietnam,Vietnam,Concept,Vietnam has many ethnic groups with distinct musical traditions;Bamboo instruments are common,Key talking points,Stamping tubes and bamboo zithers create rhythmic sounds;Water puppetry combines music and storytelling;Musicians often imitate natural sounds,Questions / engagement,Have you heard an instrument sound like a human voice;How do puppets move in water;Why might bamboo be a useful material
Discovery Tour,ASIA,DISC_INDIA_DANCE,india_dance,India Dance,Concept,Music and dance are closely connected in Indian culture;Dance often tells mythological stories,Key talking points,Dancers use bells jewelry and rhythm instruments;Hand gestures and facial expressions tell stories;The mridangam drum supports dance performances,Questions / engagement,What sounds can you turn your body into;What instruments would your favorite dancer use;Why do people dance
Discovery Tour,OCEANIA_LA,DISC_VANUATU,vanuatu,Vanuatu,Concept,Large carved slit drums represent ancestors;Music connects communities and ceremonies,Key talking points,Slit drums can be extremely large;Different drum orientations symbolize different ancestors;Water percussion is also common in the region,Questions / engagement,How many drums can you find;How do performers play these large drums;Are there instruments made from natural materials
Discovery Tour,OCEANIA_LA,DISC_BRAZIL,brazil_samba,Brazil,Concept,Samba combines African and Brazilian traditions;Music and dance are central to Carnival celebrations,Key talking points,The berimbau bow instrument shapes capoeira rhythm;Percussion drives samba music;Carnival parades feature music dance and costumes,Questions / engagement,What instruments might you play in a parade;How are martial arts and dance connected;How do communities celebrate culture
Discovery Tour,OCEANIA_LA,DISC_DOMINICAN,dominican_merengue,Dominican Republic,Concept,Merengue blends African and European musical influences;Dance and music shape Dominican identity,Key talking points,Accordion guitar and drums define merengue;Tambora drums create distinctive rhythms;Music is central to festivals and celebrations,Questions / engagement,What celebrations use music;How would you dance to this music;Can you find instruments with Caribbean origins
Discovery Tour,US_CAN,DISC_TOTEM,totem_pole,Totem Pole &  Northwest Coast Plateau,Concept,Totem poles represent family history and stories;Carving traditions remain important in Northwest Coast cultures,Key talking points,Totem poles display clan symbols and legends;Raven is a common symbolic figure;Drums accompany ceremonies and dances,Questions / engagement,What animals do you see;What symbols represent your family;Why might stories be carved into wood
Discovery Tour,US_CAN,DISC_CAJUN,cajun_zydeco,Cajun and Zydeco,Concept,Cajun and Zydeco music developed in Louisiana;Music blends French African and American influences,Key talking points,Accordion and washboard are key instruments;Dance rhythms drive the music;Both traditions celebrate community gatherings,Questions / engagement,Which instruments look familiar;Why do musicians make instruments from everyday objects;How are the two styles different
Discovery Tour,US_CAN,DISC_HIPHOP,hiphop,Hip Hop,Concept,Hip hop began in the Bronx in the 1970s;Music dance and art form an interconnected culture,Key talking points,DJs mix music using turntables and sampling;Breakdancing graffiti and MCs are part of hip hop culture;Technology changed how music is produced,Questions / engagement,What do you know about hip hop;Where do you think hip hop began;How do electronic instruments create music
Discovery Tour,EUROPE,DISC_PORTUGAL,portugal,Portugal,Concept,Portuguese music blends European and African influences;Fado music expresses emotion and storytelling,Key talking points,Portuguese guitar accompanies fado singing;Frame drums and adufe percussion are common;Music reflects history of trade and exploration,Questions / engagement,How many different instruments can you see;What shapes do drums come in;How can music empower people
Discovery Tour,EUROPE,DISC_BAGPIPES_DISC,bagpipes_discovery,Bagpipes,Concept,Bagpipes exist in many cultures across Europe;They use drones chanters and air bags to produce sound,Key talking points,Scottish Highland pipes are well known but not unique;Bagpipes may be used in military marches or celebrations;Different materials change the sound and appearance,Questions / engagement,What events might use bagpipes;How do bagpipes travel across Europe;Which bagpipe would you choose
Discovery Tour,EUROPE,DISC_GREECE,greece_cyprus,Greece and Cyprus,Concept,Music in Greece and Cyprus blends ancient traditions with modern styles;Instruments reflect Mediterranean trade and migration,Key talking points,The lyre and laouto are traditional instruments;Music accompanied poetry theater and storytelling;Trade routes spread musical ideas,Questions / engagement,What do you know about ancient Greek mythology;Why might instruments look different across regions;Where do musicians perform
Discovery Tour,EUROPE,DISC_ENGLAND,england,England,Concept,England has a wide range of folk classical and popular music traditions;Modern music scenes developed from earlier folk styles,Key talking points,Skiffle influenced British rock bands;The Beatles helped launch the British Invasion;Instruments include banjo guitar and brass instruments,Questions / engagement,What comes to mind when you think of music from England;Who has heard of the Beatles;If you could combine two instruments what would you invent
Celebrating Community Tour,AFRICA,COMM_TANZANIA,tanzania,Tanzania,Concept,Music in Tanzania reflects many ethnic groups and regional traditions;Instruments and ornaments can reveal cultural identity;Community music often includes performance dance and ceremony,Key talking points,Taarab orchestras from Zanzibar combine African and Arab influences;Wagogo music may include singing and drum ensembles;Beaded jewelry and horns show how objects can connect music and daily life,Questions / engagement,Which instruments look familiar and which look unusual;How do you think music is made with these objects;Can you find instruments that look like ones from another gallery
Celebrating Community Tour,AFRICA,COMM_RWANDA,rwanda_burundi,Rwanda and Burundi,Concept,Court music and royal traditions helped shape music in Rwanda and Burundi;Large ensembles can reflect leadership and ceremony,Key talking points,Court poets and musicians praised rulers through song;Drums and trumpets were important in royal ensembles;The master drummer led the ensemble and signaled changes,Questions / engagement,What comes to mind when you think of court or royal music;Who leads a large group playing together;What instruments might singer-storytellers use
Celebrating Community Tour,AFRICA,COMM_TURKEY,turkey_ceremonial,Turkey,Concept,Ceremonial music can represent community pride and public life;Ottoman military bands influenced music far beyond Turkey,Key talking points,Mehter ensembles used loud outdoor instruments for civic and military ceremonies;Instruments included drums cymbals zurna and brass;This style influenced later military and marching bands in Europe and beyond,Questions / engagement,What music or sounds do you think a military band would play;What do you imagine an approaching band sounds like;Why might communities use ceremonial music in public spaces
Celebrating Community Tour,AFRICA,COMM_SHASHMAQOM,shashmaqom,Shashmaqom,Concept,Some musical traditions bring together poetry music and spiritual ideas;Community can be built through shared artistic practice,Key talking points,Shashmaqom is a classical music tradition from Central Asia;It combines singers instrumentalists and poetry in a learned tradition;Texts often explore love wisdom and spiritual themes,Questions / engagement,What activities in your life bring together different kinds of expression;How would you define classical music;Do you know any poems or songs in other languages
Celebrating Community Tour,ASIA,COMM_SIZHU,china_sizhu,China Sizhu,Concept,Small chamber ensembles can create music for social gatherings and storytelling;Musical traditions often grow from community spaces,Key talking points,Sizhu means silk and bamboo describing string and wind instruments;Ensembles often feature bowed strings plucked strings and flutes;This music was played in teahouses and other intimate settings,Questions / engagement,Which instruments represent silk and which represent bamboo;What words would you use to describe the music;What instruments might accompany a story
Celebrating Community Tour,ASIA,COMM_PHILIPPINES,philippines,Philippines,Concept,Music in the Philippines reflects indigenous Asian traditions and outside influences;Community celebrations often bring together many instrument types,Key talking points,Kulintang gong ensembles link the Philippines with island Southeast Asia;Marching bands made of bamboo show creative local adaptation;Rondalla ensembles reflect Spanish influence with plucked strings,Questions / engagement,Which instruments show Asian influence and which show European influence;What materials are these marching instruments made from;What other ensembles do these instruments remind you of
Celebrating Community Tour,OCEANIA_LA,COMM_Polynesia,Polynesia,Polynesia,Concept,Polynesian cultures share strong links through navigation language tradition and music;Community music often combines singing chanting dancing and rhythm;Natural materials shape many instruments,Key talking points,Distinctive instruments include slit drums shell trumpets and bamboo nose flutes;Small and medium slit drums often play interlocking rhythmic patterns that guide dancers;Shell trumpets were sounded for ceremonies sacred events and announcements,Questions / engagement,What instruments do you recognize in this exhibit;How are the slit drums similar and different;How do you think a triton or conch shell is played
Celebrating Community Tour,OCEANIA_LA,COMM_Marimbas,Marimbas,Marimbas,Concept,The marimba is a xylophone with wooden keys struck by beaters;Marimbas show cultural exchange between Africa and Latin America;They are used in both traditional and concert music,Key talking points,Latin American marimbas were shaped by African musical memory and local adaptation;Large marimbas may require several musicians and can play multiple octaves;The two marimbas shown differ in size resonators and how they are played or moved,Questions / engagement,What kind of instrument is a marimba and where do you think it comes from;How many people can play a marimba at once;How are the two marimbas the same and how are they different
Celebrating Community Tour,OCEANIA_LA,COMM_CUBA,cuba_street_celebrations,Cuba Street Celebrations and Dance Bands,Concept,Street celebrations combine music dance and public gathering;Communities use music to mark identity and joy,Key talking points,Rumba grew from Afro-Cuban neighborhoods and uses percussion and movement;Conga bands animate parades with drums bells and winds;Cuban music blends African European and local influences,Questions / engagement,What are some differences between the street celebrations and the dance band instruments;What instruments show African influence;How might music change the energy of a parade
Celebrating Community Tour,US_CAN,COMM_WOODSTOCK,woodstock,Woodstock,Concept,Music can build community not just among performers but among audiences;Large festivals can reflect major cultural moments,Key talking points,Woodstock became a symbol of peace youth culture and counterculture;Rock music brought together huge audiences in a shared experience;The event changed how people thought about music festivals,Questions / engagement,What big changes in society have happened through music;Have you ever been to a music festival or live concert;What songs represent you and your peers
Celebrating Community Tour,US_CAN,COMM_SOUSA,all_american_bands,All-American Bands Sousa's Band,Concept,Community bands brought music to public life in towns and cities;Band music helped create shared musical experiences,Key talking points,Concert bands grew from military bands into civilian ensembles;John Philip Sousa became famous for marches and national touring;The sousaphone was designed to project sound in bands and parades,Questions / engagement,Can you name a great American band leader;Can you think of a famous march;Which instrument is named after Sousa
Celebrating Community Tour,US_CAN,COMM_JAZZ,jazz,Jazz,Concept,Jazz shows how communities create new music through collaboration improvisation and innovation;The style grew from African American musical traditions,Key talking points,Jazz values improvisation and personal expression;Small groups big bands and later electric styles all shaped the music;Important artists helped jazz evolve into many different forms,Questions / engagement,What do you think of when you hear the word jazz;What differences do you hear between jazz examples;Which instruments do you think were played by great jazz artists
Celebrating Community Tour,EUROPE,COMM_IRELAND,ireland,Ireland,Concept,Traditional music can be central to national identity and community life;People gather to play music socially as well as formally,Key talking points,The harp became a national symbol of Ireland;Irish traditional sessions bring musicians together in pubs and community spaces;Common instruments include uilleann pipes fiddles flutes accordions and more,Questions / engagement,What instruments or sounds come to mind when you think of Irish music;How are the uilleann pipes different from other bagpipes;Where do you think musicians play together in a community
Celebrating Community Tour,EUROPE,COMM_3D_ORCH,3d_orchestra,3D Orchestra Model,Concept,An orchestra is a community of many different instruments working together;Different instrument families contribute different sounds and roles,Key talking points,Instrument families include strings woodwinds brass and percussion;Players must coordinate and watch a conductor or each other;Orchestras changed over time as instruments and ensembles evolved,Questions / engagement,How would you group the instrument families;How do orchestras evolve or change;How do you think this model was created
Celebrating Community Tour,EUROPE,COMM_GERMANY,germany,Germany,Concept,Communities shape music by sharing traditions building instruments and supporting performance;Music history connects older and newer instruments,Key talking points,Renaissance and Baroque Germany supported instrument making and musical life;Older instruments such as viols and recorders connect to later ones;Military civic and court traditions all shaped how instruments were used,Questions / engagement,What comes to mind when you think of old instruments;What are some different names for musical ensembles;What kinds of music make you feel included or part of a community
Celebrating Community Tour,EUROPE,COMM_BULGARIA,bulgaria_community,Bulgaria,Concept,Music and dance can help create national and community identity;Traditions can be passed from one generation to the next through performance,Key talking points,Bulgarian music often uses complex uneven rhythms;Polyphonic singing is an important tradition;Kukeri costumes and loud bells are used in seasonal community rituals,Questions / engagement,How would you describe Bulgarian music;Can you think of other traditions that connect music to national or community identity;What parts of a performance help bring people together
Fiestas! Latin America Tour 3rd-12th,LA_BLUE,Fiestas3-12_Haiti,Haiti,Haiti,Concept,"Haiti’s festive music grows from Vodou traditions, community ritual, and parade culture.",Key talking points,"Vodou is a religious and cultural tradition with African roots;Rad Vodou drums and songs help connect people to ancestral homelands and community memory;Rara bands use bamboo trumpets, percussion, and dancing during street processions",Questions / engagement,"What kinds of music or dance do you connect with parades and processions?;How do families or communities remember grandparents or ancestors through celebrations?;Fun fact: Decorations on instruments are often rich with meaning, and dancers in rara costumes may symbolically refer to Vodou magic"
Fiestas! Latin America Tour 3rd-12th,LA_BLUE,Fiestas3-12_SteelPan,SteelPan,Steel Pan,Concept,Steel pan shows how people can make music from everyday objects through creativity and need.,Key talking points,Afro-Trinidadian musicians developed steel pan after colonial rules banned animal-skin drums;Early players tuned hammered oil drums to create different notes;Steel bands now perform complex music and are a major part of carnival tradition,Questions / engagement,What are some things around your house that could become instruments?;How can one steel pan make more than one pitch?;Fun fact: Trinidad’s steel pan is the only major acoustic instrument invented in the 20th century
Fiestas! Latin America Tour 3rd-12th,LA_BLUE,Fiestas3-12_Jamaica,Jamaica,Jamaica (Alternate),Concept,"Jamaican music connects spirituality, identity, and resistance through drumming and reggae.",Key talking points,"Rastafarian beliefs shaped Nyabinghi drumming and later influenced reggae;The red, gold, and green colors connect Jamaica to Ethiopia and African heritage;Drums used in Nyabinghi ritual include the bass, funde, and repeater drums",Questions / engagement,What colors or symbols make you think of a place or culture?;How can music help people fight for rights or express identity?;Fun fact: Bob Marley fused Rastafarian spirituality with popular music and helped reggae reach audiences around the world
Fiestas! Latin America Tour 3rd-12th,LA_BLUE,Fiestas3-12_Guatemala,Guatemala,Guatemala (Alternate),Concept,"Guatemala’s music reflects Indigenous and Ladino traditions, with marimba at the center of public celebration.",Key talking points,"The marimba became a national symbol shared by both Ladino and Maya communities;The Maya marimba’s gourds and wooden bars show how local materials shape instrument design;Guatemalan festivals and processions often combine drums, whistles, and marimba with dance",Questions / engagement,"What do you notice about instruments made from gourds, wood, or seeds?;How do processions use music differently from concerts?;Fun fact: Guatemala’s marimba tradition is recognized by UNESCO as Intangible Cultural Heritage"
Fiestas! Latin America Tour 3rd-12th,LA_YELLOW,Fiestas3-12_Garifuna,Garifuna,Garífuna – Honduras,Concept,"Garífuna and Honduran traditions show how music preserves migration stories, dance, and community identity.",Key talking points,"Garífuna people trace ancestry to West Africans and Caribbean island communities later relocated to Central America;Punta music uses drums, song, and dance, with shells and rattles adding sound and movement;Honduran marimba traditions often feature several musicians playing one instrument at once",Questions / engagement,"How would you play a conch shell or shell rattle?;Why might some festivals use white masks and rattles?;Fun fact: In the packet’s Honduras photo, one marimba is shown being played by multiple musicians at the same time"
Fiestas! Latin America Tour 3rd-12th,LA_YELLOW,Fiestas3-12_Colombia,Colombia,Colombia (Alternate),Concept,"Colombian music blends Indigenous, African, and Spanish influences into lively dance traditions.",Key talking points,"Cumbia began as a dance that reflects Colombia’s mixed heritage;Gaita flutes are a key traditional instrument, made with cactus and wax parts;Accordions, bass, and percussion show how newer influences joined older local traditions",Questions / engagement,What natural materials do you see in these instruments?;How might geography and cultural contact shape a country’s music?;Fun fact: The packet notes that famous Colombian musicians like Shakira and Juanes are part of this wider musical story
Fiestas! Latin America Tour 3rd-12th,LA_YELLOW,Fiestas3-12_Ecuador,Ecuador,Ecuador,Concept,"Ecuador’s Andean music connects seasonal festivals, Indigenous heritage, and local instruments.",Key talking points,Inti Raymi celebrates the June solstice and the sun’s renewal;The rondador panpipe is a national instrument with staggered tube lengths;Flutes and cane instruments have been found in the Andes for thousands of years,Questions / engagement,"What does a solstice have to do with festivals and music?;If you could pick a national instrument for Arizona, what would it be?;Fun fact: The packet highlights a bone flute from Ecuador as one of the oldest known instruments there"
Fiestas! Latin America Tour 3rd-12th,LA_YELLOW,Fiestas3-12_PeruBolivia,PeruBolivia,Peru & Bolivia,Concept,"Peru and Bolivia share Andean traditions in which music is tied to seasons, dance, and daily life.",Key talking points,"Andean music uses instruments such as pinkillu flutes, panpipes, and charangos;The charango combines Indigenous design ideas with strings introduced from Europe;Scissors dance features performers moving with blades that create rhythm and visual drama",Questions / engagement,"Why might specific songs be linked to certain seasons or ceremonies?;How can instruments be made from both local materials and imported ideas?;Fun fact: The charango was once often made from an armadillo shell, but modern examples may use wood instead"
Fiestas! Latin America Tour 3rd-12th,LA_RED,Fiestas3-12_Brazil,Brazil,Brazil,Concept,"Brazilian celebrations bring together music, dance, religion, and carnival spectacle.",Key talking points,Rio samba schools can include thousands of participants and many percussionists;Capoeira joins movement and music and uses the berimbau to shape rhythm;Candomblé religion includes drumming used to summon deities called Orixás,Questions / engagement,"What instruments would you bring to a parade?;How are dance, martial arts, and music similar in capoeira?;Fun fact: A coin held against the berimbau string helps create its characteristic buzzing twang"
Fiestas! Latin America Tour 3rd-12th,LA_RED,Fiestas3-12_Mexico,Mexico,Mexico,Concept,"Mariachi and banda are powerful symbols of Mexican celebration, community, and national identity.",Key talking points,"Mariachi grew from rural traditions and became a cherished symbol of Mexico;Oaxaca’s sopranino flute and other regional instruments show local diversity within Mexican music;Mariachi ensembles often include violins, trumpets, guitar-family instruments, and sometimes harps or accordions",Questions / engagement,"What kinds of instruments would you wear on your body or carry in a parade?;Why do you think mariachi clothing is so distinctive?;Fun fact: Mariachi is played at weddings, birthdays, funerals, and major festivals across Mexico and beyond"
Fiestas! Latin America Tour 3rd-12th,LA_RED,Fiestas3-12_Cuba,Cuba,Cuba (Alternate),Concept,"Cuban music joins neighborhood celebration, dance bands, and theatrical carnival display.",Key talking points,"Afro-Cuban rumba and conga processions animate public street life;Cuban music blends African, European, and local instruments such as bongos, claves, guitar, and trumpet;The modern timbal evolved from timpani and is central in many Cuban styles",Questions / engagement,"Where do you enjoy listening to music in your own community?;Which instruments seem to show African, European, or Indigenous influence?;Fun fact: The packet notes that the maraca may be the only instrument widely used in Cuba that Indigenous peoples also employed there"
Fiestas! Latin America Tour 3rd-12th,LA_RED,Fiestas3-12_PuertoRico,PuertoRico,Puerto Rico,Concept,"Puerto Rican music celebrates local identity by bringing people together through rhythm, dance, and festival traditions.",Key talking points,"Vejigantes parade masks are a powerful symbol of Puerto Rican festival culture;Bomba uses the barril drum, cuá sticks, and maraca to build layered rhythm;Puerto Rican and New York Latin musicians helped salsa become a major transnational style",Questions / engagement,"What festival tradition has been passed down in your family or community?;How do masks, costumes, or dance change the feeling of a celebration?;Fun fact: The packet explains that the maraca keeps steady rhythm while the lead drum communicates with the dancers and singers"
Fiestas! Latin America Tour 3rd-12th,US_CAN,Fiestas3-12_Waila,Waila,Waila,Concept,Waila is social dance music that blends Tohono O’odham traditions with sounds from the Southwest borderlands.,Key talking points,"The name waila comes from the Spanish word for dance;Modern waila bands often use saxophone, drums, guitar, accordion, and bass;Although the style shows Ango-American and Mexican influence, it has deep roots in O’odham community life",Questions / engagement,What kinds of music feel especially suited for dancing?;How do you think borderlands history shapes local music?;Fun fact: The packet notes that waila is sometimes called chicken scratch
Fiestas! Latin America Tour 3rd-12th,US_CAN,Fiestas3-12_Norteno,Norteno,Norteño / Conjunto,Concept,Norteño and conjunto are borderlands styles that fuse Mexican and European traditions into story-filled dance music.,Key talking points,"Accordion and bajo sexto are signature instruments of the style;Corridos are ballad-like songs that tell stories from everyday life or history;The music reflects a long process of migration, exchange, and local adaptation along the US–Mexico border",Questions / engagement,What stories or events would make a good corrido song?;Why do you think some instruments travel so easily from one culture to another?;Fun fact: The packet points out that the button accordion became popular after it was introduced from Europe and adapted in northern Mexico and Texas
Fiestas! Latin America Tour 3rd-12th,US_CAN,Fiestas3-12_LatinJazz,LatinJazz,Latin Jazz,Concept,Latin jazz blends Afro-Caribbean rhythm with jazz improvisation and the urban Latin American experience.,Key talking points,"Conga drums have roots in Cuban Santería religious practice but are also heard in secular dance music;Bongó players often switch to the larger bell-played bongo bell/cowbell pattern in some styles;Boogaloo mixed Latin rhythm with soul, R&B, and funk in New York",Questions / engagement,"How can different food ingredients become one dish, the way different styles become one music genre?;What does improvisation mean beyond just making something up?;Fun fact: The packet notes that Paquito D’Rivera’s Cuban and American musical journey mirrors the cross-cultural spirit of Latin jazz"
Fiestas! Latin America Tour 3rd-12th,US_CAN,Fiestas3-12_GilbertVelez,GilbertVelez,Gilbert Velez (Alternate),Concept,Gilbert Velez shows how one musician can shape mariachi education and community music in Arizona.,Key talking points,Velez was one of the original members of Los Changuitos Feos of Tucson;He helped bring mariachi into school programs and later to Disney’s EPCOT Center;His story highlights Arizona’s importance in the history of mariachi education,Questions / engagement,"Why might a school or youth mariachi program matter to a community?;If you wanted to learn mariachi, what kinds of practice would it take?;Fun fact: The first youth mariachi group in the United States began in Arizona, according to the packet"
Fiestas! Latin America Tour 3rd-12th,ARTIST,Fiestas3-12_PuenteCruz,PuenteCruz,Tito Puente & Celia Cruz,Concept,Tito Puente and Celia Cruz became global icons who brought Caribbean music and culture to huge audiences.,Key talking points,"Puente was a New York bandleader and master timbales player;Celia Cruz was celebrated for powerful voice, stage presence, and long career;Their recordings helped popularize salsa and Latin dance music internationally",Questions / engagement,"What makes an artist become a cultural icon?;How can clothing, movement, and instruments shape stage presence?;Fun fact: Celia Cruz’s famous cry ¡Azúcar! became one of the most recognizable calls in salsa music"
Fiestas! Latin America Tour 3rd-12th,ARTIST,Fiestas3-12_MercedesSosa,MercedesSosa,Mercedes Sosa,Concept,"Mercedes Sosa used song to express Latin American identity, memory, and social justice.",Key talking points,"She emerged from the Nueva Canción movement in Argentina;Her repertoire connected folk traditions with themes of protest, dignity, and resistance;The bombo drum and traditional ponchos helped root her performances in Indigenous and rural aesthetics",Questions / engagement,What does it mean for music to be traditional and modern at the same time?;How can a singer’s voice become part of a movement larger than one person?;Fun fact: Fans called Mercedes Sosa the voice of Latin America
Fiestas! Latin America Tour 3rd-12th,ARTIST,Fiestas3-12_PabloCasals,PabloCasals,Pablo Casals,Concept,Pablo Casals linked Latin American musical life to the global classical tradition through cello performance and teaching.,Key talking points,"Although born in Spain, Casals made a major musical home in Puerto Rico;He helped establish the first cello to develop international classic music performance there;Casals also became known for teaching and for his stance on peace and human rights",Questions / engagement,What makes a good teacher in music or any other field?;How can musicians help change the world beyond performance alone?;Fun fact: The packet notes that Casals’s cello on display may be notable French luthier Jean-Baptiste Vuillaume’s work
Fiestas! Latin America Tour 3rd-12th,ARTIST,Fiestas3-12_RafaelMendez,RafaelMendez,Rafael Méndez (Alternate),Concept,"Rafael Méndez represents extraordinary trumpet skill, discipline, and generosity as a teacher.",Key talking points,"He learned to play trumpet as a child and later became one of the great virtuosos of the instrument;Different mutes change trumpet sound by altering how vibrations leave the bell;Rapid breathing control and embouchure help players produce smooth, continuous musical lines",Questions / engagement,What skills do you think it takes to become a trumpet virtuoso?;Why might players use different mouthpieces or mutes?;Fun fact: The packet says Méndez would sometimes turn down performances so he could keep teaching his students
Fiestas! Latin America Tour K-2,LA_BLUE,Fiestas3-12_RafaelMendez,Haiti – Vodou & Carnival,Haiti,Concept,"Festivals in Haiti use music, drumming, and dancing to bring communities together.",Key talking points,Vodou ceremonies include drumming and singing;Rara bands parade through towns with bamboo trumpets and percussion;Music connects people with ancestors and traditions,Questions / engagement,What instruments do you see people playing in this celebration?;Why might music be important in parades or festivals?;Fun fact: Rara bands often travel through towns during spring celebrations
Fiestas! Latin America Tour K-2,LA_BLUE,Fiestas3-12_RafaelMendez,Trinidad & Tobago – Steel Pan,Trinidad & Tobago,Concept,Steel pan music shows how creativity can turn everyday objects into instruments.,Key talking points,Steel pans were created from oil drums;Musicians hammer the metal to tune different notes;Steel bands perform during Carnival celebrations,Questions / engagement,What everyday object could you turn into an instrument?;How can one pan play many notes?;Fun fact: Steel pan is the only major acoustic instrument invented in the 20th century
Fiestas! Latin America Tour K-2,LA_BLUE,Fiestas3-12_RafaelMendez,Jamaica – Reggae,Jamaica (Alternate),Concept,Reggae music reflects Jamaican culture and strong rhythms.,Key talking points,Reggae grew from earlier Jamaican music styles;Strong bass rhythms help people dance;Artists like Bob Marley helped spread reggae worldwide,Questions / engagement,What rhythm makes you want to dance?;Why might music travel from one country to another?;Fun fact: Reggae helped share Jamaican culture around the world
Fiestas! Latin America Tour K-2,LA_YELLOW,Fiestas3-12_RafaelMendez,Guatemala – Marimba,Guatemala (Alternate),Concept,The marimba is a wooden instrument important in Guatemalan celebrations.,Key talking points,Wooden bars are struck with mallets;Resonators amplify the sound;Marimba music is played at festivals,Questions / engagement,What instruments here are made of wood?;Why might music be part of celebrations?;Fun fact: Guatemala considers the marimba a national instrument
Fiestas! Latin America Tour K-2,LA_YELLOW,Fiestas3-12_RafaelMendez,Garífuna – Honduras,Garífuna and Honduras,Concept,Garífuna traditions keep culture alive through music and dance.,Key talking points,Drums and singing are central to Garífuna music;Dance movements help tell cultural stories;Festivals celebrate identity and history,Questions / engagement,How can dance tell a story?;What kinds of music are played at celebrations where you live?;Fun fact: Garífuna music is recognized by UNESCO as cultural heritage
Fiestas! Latin America Tour K-2,LA_YELLOW,Fiestas3-12_RafaelMendez,Colombia – Cumbia,Colombia (Alternate),Concept,"Cumbia blends Indigenous, African, and Spanish musical traditions.",Key talking points,Drums provide the main rhythm;Flutes add melody;Cumbia music is closely connected with dance,Questions / engagement,What instruments do you notice in this music?;Why do people like dancing to music?;Fun fact: Cumbia is one of Colombia’s most famous musical styles
Fiestas! Latin America Tour K-2,LA_YELLOW,Fiestas3-12_RafaelMendez,Ecuador – Andean Music,Ecuador,Concept,Andean music celebrates nature and seasonal festivals.,Key talking points,Panpipes and flutes are common instruments;Festivals celebrate harvests and the sun;Music connects people to mountain traditions,Questions / engagement,What sounds remind you of nature?;Why might music be part of seasonal festivals?;Fun fact: Some Andean flutes are thousands of years old
Fiestas! Latin America Tour K-2,LA_RED,Fiestas3-12_RafaelMendez,Peru & Bolivia – Andean Traditions,Peru & Bolivia,Concept,Andean communities share musical traditions across countries.,Key talking points,Panpipes and charangos are common instruments;Music accompanies dances and festivals;Traditions pass through generations,Questions / engagement,Why do music traditions last a long time?;What instruments would you choose for a celebration?;Fun fact: Some charangos were once made from armadillo shells
Fiestas! Latin America Tour K-2,LA_RED,Fiestas3-12_RafaelMendez,Brazil – Samba,Brazil,Concept,Samba music brings people together for energetic celebrations.,Key talking points,Samba bands include many percussion instruments;Carnival parades feature music and dancing;Samba rhythms are lively and fast,Questions / engagement,What instruments would you bring to a parade?;Why do people enjoy big musical celebrations?;Fun fact: Some samba groups include hundreds of drummers
Fiestas! Latin America Tour K-2,LA_RED,Fiestas3-12_RafaelMendez,Mexico – Mariachi,Mexico,Concept,Mariachi music is a strong symbol of Mexican culture.,Key talking points,Mariachi bands include violins trumpets and guitars;Musicians often wear traditional clothing;Mariachi is played at weddings and festivals,Questions / engagement,What instruments do you recognize in mariachi?;Why is music played at special events?;Fun fact: Mariachi music is recognized by UNESCO as cultural heritage
Fiestas! Latin America Tour K-2,LA_RED,Fiestas3-12_RafaelMendez,Cuba – Street Music,Cuba (Alternate),Concept,Cuban music mixes African and Spanish traditions.,Key talking points,Percussion instruments create lively rhythms;Street celebrations include dancing and singing;Cuban music influenced many other styles,Questions / engagement,What instruments make the strongest rhythm?;Why might people gather outside to hear music?;Fun fact: Maracas are one of the most recognizable Cuban instruments
Fiestas! Latin America Tour K-2,ARTIST,Fiestas3-12_RafaelMendez,Puerto Rico – Bomba & Plena,Puerto Rico,Concept,"Puerto Rican music blends rhythm, dance, and storytelling.",Key talking points,Bomba music uses drums and dance;Plena songs often tell stories about events;Music helps communities celebrate culture,Questions / engagement,How can music tell a story?;What songs do people sing together where you live?;Fun fact: In bomba performances dancers lead while drummers follow